espanol,nombreiso_ingles,nombreiso_frances,alfa2,alfa3,codiso,latitud,longitud
AFGANISTÁN,Afghanistan,Afghanistan ,AF,AFG,4,33,65
ÅLAND,Åland Islands,Åland,AX,ALA,248,60.2,19.9
ALBANIA,Albania,Albanie ,AL,ALB,8,41,20
ALEMANIA,Germany,Allemagne ,DE,DEU,276,51,9
ANDORRA,Andorra,Andorre ,AD,AND,20,42.5,1.6
ANGOLA,Angola,Angola ,AO,AGO,24,-12.5,18.5
ANGUILA,Anguilla,Anguilla,AI,AIA,660,18.25,-63.1667
ANTÁRTIDA,Antarctica,Antarctique ,AQ,ATA,10,-90,0
ANTIGUA Y BARBUDA,Antigua and Barbuda,Antigua-et-Barbuda,AG,ATG,28,17.05,-61.8
ARABIA SAUDITA,Saudi Arabia,Arabie saoudite ,SA,SAU,682,25,45
ARGELIA,Algeria,Algérie ,DZ,DZA,12,28,3
ARGENTINA,Argentina,Argentine ,AR,ARG,32,-34,-64
ARMENIA,Armenia,Arménie ,AM,ARM,51,40,45
ARUBA,Aruba,Aruba,AW,ABW,533,12.5,-69.9667
AUSTRALIA,Australia,Australie ,AU,AUS,36,-27,133
AUSTRIA,Austria,Autriche ,AT,AUT,40,47.3333,13.3333
AZERBAIYÁN,Azerbaijan,Azerbaïdjan ,AZ,AZE,31,40.5,47.5
BAHAMAS,Bahamas ,Bahamas ,BS,BHS,44,24.25,-76
BANGLADÉS,Bangladesh,Bangladesh ,BD,BGD,50,24,90
BARBADOS,Barbados,Barbade ,BB,BRB,52,13.1667,-59.5333
BARÉIN,Bahrain,Bahreïn,BH,BHR,48,26,50.55
BÉLGICA,Belgium,Belgique ,BE,BEL,56,50.8333,4
BELICE,Belize,Belize ,BZ,BLZ,84,17.25,-88.75
BENÍN,Benin,Bénin ,BJ,BEN,204,9.5,2.25
BERMUDAS,Bermuda,Bermudes ,BM,BMU,60,32.3333,-64.75
BIELORRUSIA,Belarus,Bélarus ,BY,BLR,112,53,28
BIRMANIA,Myanmar,Myanmar ,MM,MMR,104,22,98
BOLIVIA,Bolivia,Bolivie ,BO,BOL,68,-17,-65
BOSNIA Y HERZEGOVINA,Bosnia and Herzegovina,Bosnie-Herzégovine ,BA,BIH,70,44,18
BOTSUANA,Botswana,Botswana ,BW,BWA,72,-22,24
BRASIL,Brazil,Brésil ,BR,BRA,76,-10,-55
BRUNÉI,Brunei Darussalam,Brunéi Darussalam ,BN,BRN,96,4.5,114.6667
BULGARIA,Bulgaria,Bulgarie ,BG,BGR,100,43,25
BURKINA FASO,Burkina Faso,Burkina Faso ,BF,BFA,854,13,-2
BURUNDI,Burundi,Burundi ,BI,BDI,108,-3.5,30
BUTÁN,Bhutan,Bhoutan ,BT,BTN,64,27.5,90.5
CABO VERDE,Cabo Verde,Cabo Verde,CV,CPV,132,16,-24
CAMBOYA,Cambodia,Cambodge ,KH,KHM,116,13,105
CAMERÚN,Cameroon,Cameroun ,CM,CMR,120,6,12
CANADÁ,Canada,Canada ,CA,CAN,124,60,-95
CARIBE NEERLANDÉS,"Bonaire, Sint Eustatius and Saba","Bonaire, Saint-Eustache et Saba",BQ,BES,535,12.2,-68.3
CATAR,Qatar,Qatar ,QA,QAT,634,25.5,51.25
CHAD,Chad,Tchad ,TD,TCD,148,15,19
CHILE,Chile,Chili ,CL,CHL,152,-30,-71
CHINA,China,Chine ,CN,CHN,156,35,105
CHIPRE,Cyprus,Chypre,CY,CYP,196,35,33
CIUDAD DEL VATICANO,Holy See ,Saint-Siège ,VA,VAT,336,41.9,12.45
COLOMBIA,Colombia,Colombie ,CO,COL,170,4.7465,-75.0974
COMORAS,Comoros ,Comores ,KM,COM,174,-12.1667,44.25
COREA DEL NORTE,Korea ,Corée ,KP,PRK,408,40,127
COREA DEL SUR,Republic of Korea,Corée ,KR,KOR,410,37,127.5
COSTA DE MARFIL,Côte d'Ivoire,Côte d'Ivoire ,CI,CIV,384,8,-5
COSTA RICA,Costa Rica,Costa Rica ,CR,CRI,188,10,-84
CROACIA,Croatia,Croatie ,HR,HRV,191,45.1667,15.5
CUBA,Cuba,Cuba,CU,CUB,192,21.5,-80
CURAZAO,Curaçao,Curaçao,CW,CUW,531,12.2,-69
DINAMARCA,Denmark,Danemark ,DK,DNK,208,56,10
DOMINICA,Dominica,Dominique ,DM,DMA,212,15.4167,-61.3333
ECUADOR,Ecuador,Équateur ,EC,ECU,218,-2,-77.5
EGIPTO,Egypt,Égypte ,EG,EGY,818,27,30
EL SALVADOR,El Salvador,El Salvador,SV,SLV,222,13.8333,-88.9167
EMIRATOS ÁRABES UNIDOS,United Arab Emirates,Émirats arabes unis ,AE,ARE,784,24,54
ERITREA,Eritrea,Érythrée ,ER,ERI,232,15,39
ESLOVAQUIA,Slovakia,Slovaquie ,SK,SVK,703,48.6667,19.5
ESLOVENIA,Slovenia,Slovénie ,SI,SVN,705,46,15
ESPAÑA,Spain,Espagne ,ES,ESP,724,40,-4
ESTADO DE PALESTINA,"Palestine, State of","Palestine, État de",PS,PSE,275,32,35.25
ESTADOS UNIDOS,United States,États-Unis d'Amérique ,US,USA,840,38,-97
ESTONIA,Estonia,Estonie ,EE,EST,233,59,26
ETIOPÍA,Ethiopia,Éthiopie ,ET,ETH,231,8,38
FILIPINAS,Philippines ,Philippines ,PH,PHL,608,13,122
FINLANDIA,Finland,Finlande ,FI,FIN,246,64,26
FIYI,Fiji,Fidji ,FJ,FJI,242,-18,175
FRANCIA,France,France ,FR,FRA,250,46,2
GABÓN,Gabon,Gabon ,GA,GAB,266,-1,11.75
GAMBIA,Gambia ,Gambie ,GM,GMB,270,13.4667,-16.5667
GEORGIA,Georgia,Géorgie ,GE,GEO,268,42,43.5
GHANA,Ghana,Ghana ,GH,GHA,288,8,-2
GIBRALTAR,Gibraltar,Gibraltar,GI,GIB,292,36.1833,-5.3667
GRANADA,Grenada,Grenade ,GD,GRD,308,12.1167,-61.6667
GRECIA,Greece,Grèce ,GR,GRC,300,39,22
GROENLANDIA,Greenland,Groenland ,GL,GRL,304,72,-40
GUADALUPE,Guadeloupe,Guadeloupe ,GP,GLP,312,16.25,-61.5833
GUAM,Guam,Guam,GU,GUM,316,13.4667,144.7833
GUATEMALA,Guatemala,Guatemala ,GT,GTM,320,15.5,-90.25
GUAYANA FRANCESA,French Guiana,Guyane française ,GF,GUF,254,4,-53
GUERNSEY,Guernsey,Guernesey,GG,GGY,831,49.5,-2.56
GUINEA,Guinea,Guinée ,GN,GIN,324,11,-10
GUINEA ECUATORIAL,Equatorial Guinea,Guinée équatoriale ,GQ,GNQ,226,2,10
GUINEA-BISÁU,Guinea-Bissau,Guinée-Bissau ,GW,GNB,624,12,-15
GUYANA,Guyana,Guyana ,GY,GUY,328,5,-59
HAITÍ,Haiti,Haïti,HT,HTI,332,19,-72.4167
HONDURAS,Honduras,Honduras ,HN,HND,340,15,-86.5
HONG KONG,Hong Kong,Hong Kong,HK,HKG,344,22.25,114.1667
HUNGRÍA,Hungary,Hongrie ,HU,HUN,348,47,20
INDIA,India,Inde ,IN,IND,356,17,77
INDONESIA,Indonesia,Indonésie ,ID,IDN,360,-5,120
IRAK,Iraq,Iraq ,IQ,IRQ,368,33,44
IRÁN,Iran ,Iran,IR,IRN,364,32,53
IRLANDA,Ireland,Irlande ,IE,IRL,372,53,-8
ISLA BOUVET,Bouvet Island,Bouvet ,BV,BVT,74,-54.4333,3.4
ISLA DE MAN,Isle of Man,Île de Man,IM,IMN,833,54.23,-4.55
ISLA DE NAVIDAD,Christmas Island,Christmas ,CX,CXR,162,-10.5,105.6667
ISLANDIA,Iceland,Islande ,IS,ISL,352,65,-18
ISLAS CAIMÁN,Cayman Islands ,Caïmans ,KY,CYM,136,19.5,-80.5
ISLAS COCOS,Cocos  Islands ,Cocos / Keeling ,CC,CCK,166,-12.5,96.8333
ISLAS COOK,Cook Islands ,Cook ,CK,COK,184,-21.2333,-159.7667
ISLAS FEROE,Faroe Islands ,Féroé ,FO,FRO,234,62,-7
ISLAS GEORGIAS DEL SUR Y SANDWICH DEL SUR,South Georgia and the South Sandwich Islands,Géorgie du Sud-et-les Îles Sandwich du Sud ,GS,SGS,239,-54.5,-37
ISLAS HEARD Y MCDONALD,Heard Island and McDonald Islands,Heard-et-Îles MacDonald ,HM,HMD,334,-53.1,72.5167
ISLAS MALVINAS,Falkland Islands  [Malvinas],Falkland /Malouines ,FK,FLK,238,-51.75,-59
ISLAS MARIANAS DEL NORTE,Northern Mariana Islands ,Mariannes du Nord ,MP,MNP,580,15.2,145.75
ISLAS MARSHALL,Marshall Islands ,Marshall ,MH,MHL,584,9,168
ISLAS PITCAIRN,Pitcairn,Pitcairn,PN,PCN,612,-24.7,-127.4
ISLAS SALOMÓN,Solomon Islands,Salomon ,SB,SLB,90,-8,159
ISLAS TURCAS Y CAICOS,Turks and Caicos Islands ,Turks-et-Caïcos ,TC,TCA,796,21.75,-71.5833
ISLAS ULTRAMARINAS DE ESTADOS UNIDOS,United States Minor Outlying Islands ,Îles mineures éloignées des États-Unis ,UM,UMI,581,19.2833,166.6
ISLAS VÍRGENES BRITÁNICAS,Virgin Islands ,Vierges britanniques ,VG,VGB,92,18.5,-64.5
ISLAS VÍRGENES DE LOS ESTADOS UNIDOS,Virgin Islands ,Vierges des États-Unis ,VI,VIR,850,18.3333,-64.8333
ISRAEL,Israel,Israël,IL,ISR,376,31.5,34.75
ITALIA,Italy,Italie ,IT,ITA,380,42.8333,12.8333
JAMAICA,Jamaica,Jamaïque ,JM,JAM,388,18.25,-77.5
JAPÓN,Japan,Japon ,JP,JPN,392,36,138
JERSEY,Jersey,Jersey,JE,JEY,832,49.21,-2.13
JORDANIA,Jordan,Jordanie ,JO,JOR,400,31,36
KAZAJISTÁN,Kazakhstan,Kazakhstan ,KZ,KAZ,398,48,68
KENIA,Kenya,Kenya ,KE,KEN,404,1,38
KIRGUISTÁN,Kyrgyzstan,Kirghizistan ,KG,KGZ,417,41,75
KIRIBATI,Kiribati,Kiribati,KI,KIR,296,1.4167,173
KUWAIT,Kuwait,Koweït ,KW,KWT,414,29.3375,47.6581
LAOS,Lao People's Democratic Republic ,Lao ,LA,LAO,418,18,105
LESOTO,Lesotho,Lesotho ,LS,LSO,426,-29.5,28.5
LETONIA,Latvia,Lettonie ,LV,LVA,428,57,25
LÍBANO,Lebanon,Liban ,LB,LBN,422,33.8333,35.8333
LIBERIA,Liberia,Libéria ,LR,LBR,430,6.5,-9.5
LIBIA,Libya,Libye ,LY,LBY,434,25,17
LIECHTENSTEIN,Liechtenstein,Liechtenstein ,LI,LIE,438,47.1667,9.5333
LITUANIA,Lithuania,Lituanie ,LT,LTU,440,56,24
LUXEMBURGO,Luxembourg,Luxembourg ,LU,LUX,442,49.75,6.1667
MACAO,Macao,Macao,MO,MAC,446,22.1667,113.55
MADAGASCAR,Madagascar,Madagascar,MG,MDG,450,-20,47
MALASIA,Malaysia,Malaisie ,MY,MYS,458,2.5,112.5
MALAUI,Malawi,Malawi ,MW,MWI,454,-13.5,34
MALDIVAS,Maldives,Maldives ,MV,MDV,462,3.25,73
MALÍ,Mali,Mali ,ML,MLI,466,17,-4
MALTA,Malta,Malte,MT,MLT,470,35.8333,14.5833
MARRUECOS,Morocco,Maroc ,MA,MAR,504,32,-5
MARTINICA,Martinique,Martinique ,MQ,MTQ,474,14.6667,-61
MAURICIO,Mauritius,Maurice,MU,MUS,480,-20.2833,57.55
MAURITANIA,Mauritania,Mauritanie ,MR,MRT,478,20,-12
MAYOTTE,Mayotte,Mayotte,YT,MYT,175,-12.8333,45.1667
MÉXICO,Mexico,Mexique ,MX,MEX,484,23,-102
MICRONESIA,Micronesia ,Micronésie ,FM,FSM,583,6.9167,158.25
MOLDAVIA,Moldova ,Moldova ,MD,MDA,498,47,29
MÓNACO,Monaco,Monaco,MC,MCO,492,43.7333,7.4
MONGOLIA,Mongolia,Mongolie ,MN,MNG,496,46,105
MONTENEGRO,Montenegro,Monténégro ,ME,MNE,499,42,19
MONTSERRAT,Montserrat,Montserrat,MS,MSR,500,16.75,-62.2
MOZAMBIQUE,Mozambique,Mozambique ,MZ,MOZ,508,-18.25,35
NAMIBIA,Namibia,Namibie ,NA,NAM,516,-22,17
NAURU,Nauru,Nauru,NR,NRU,520,-0.5333,166.9167
NEPAL,Nepal,Népal ,NP,NPL,524,28,84
NICARAGUA,Nicaragua,Nicaragua ,NI,NIC,558,13,-85
NÍGER,Niger ,Niger ,NE,NER,562,16,8
NIGERIA,Nigeria,Nigéria ,NG,NGA,566,10,8
NIUE,Niue,Niue,NU,NIU,570,-19.0333,-169.8667
NORFOLK,Norfolk Island,Norfolk ,NF,NFK,574,-29.0333,167.95
NORUEGA,Norway,Norvège ,NO,NOR,578,62,10
NUEVA CALEDONIA,New Caledonia,Nouvelle-Calédonie ,NC,NCL,540,-21.5,165.5
NUEVA ZELANDA,New Zealand,Nouvelle-Zélande ,NZ,NZL,554,-41,174
OMÁN,Oman,Oman,OM,OMN,512,21,57
PAÍSES BAJOS,Netherlands,Pays-Bas ,NL,NLD,528,52.5,5.75
PAKISTÁN,Pakistan,Pakistan ,PK,PAK,586,30,70
PALAOS,Palau,Palaos ,PW,PLW,585,7.5,134.5
PANAMÁ,Panama,Panama ,PA,PAN,591,9,-80
PAPÚA NUEVA GUINEA,Papua New Guinea,Papouasie-Nouvelle-Guinée ,PG,PNG,598,-6,147
PARAGUAY,Paraguay,Paraguay ,PY,PRY,600,-23,-58
PERÚ,Peru,Pérou ,PE,PER,604,-10,-76
POLINESIA FRANCESA,French Polynesia,Polynésie française ,PF,PYF,258,-15,-140
POLONIA,Poland,Pologne ,PL,POL,616,52,20
PORTUGAL,Portugal,Portugal ,PT,PRT,620,39.5,-8
PUERTO RICO,Puerto Rico,Porto Rico,PR,PRI,630,18.25,-66.5
REINO UNIDO,England,Royaume-Uni de Grande-Bretagne et d'Irlande du Nord ,GB,GBR,826,54,-2
REPÚBLICA CENTROAFRICANA,Central African Republic ,République centrafricaine ,CF,CAF,140,7,21
REPÚBLICA CHECA,Czechia,Tchéquie ,CZ,CZE,203,49.75,15.5
REPÚBLICA DE MACEDONIA,North Macedonia,Macédoine du Nord ,MK,MKD,807,41.8333,22
REPÚBLICA DEL CONGO,Democratic Republic Of The Congo,Congo ,CG,COG,178,-1,15
REPÚBLICA DEMOCRÁTICA DEL CONGO,Congo,Congo ,CD,COD,180,0,25
REPÚBLICA DOMINICANA,Dominican Republic,dominicaine ,DO,DOM,214,19,-70.6667
REUNIÓN,Réunion,Réunion ,RE,REU,638,-21.1,55.6
RUANDA,Rwanda,Rwanda ,RW,RWA,646,-2,30
RUMANIA,Romania,Roumanie ,RO,ROU,642,46,25
RUSIA,Russian Federation,Russie ,RU,RUS,643,60,100
SAHARA OCCIDENTAL,Western Sahara*,Sahara occidental *,EH,ESH,732,24.5,-13
SAMOA,Samoa,Samoa ,WS,WSM,882,-13.5833,-172.3333
SAMOA AMERICANA,American Samoa,Samoa américaines ,AS,ASM,16,-14.3333,-170
SAN BARTOLOMÉ,Saint Barthélemy,Saint-Barthélemy,BL,BLM,652,17.9,-62.85
SAN CRISTÓBAL Y NIEVES,Saint Kitts and Nevis,Saint-Kitts-et-Nevis,KN,KNA,659,17.3333,-62.75
SAN MARINO,San Marino,Saint-Marin,SM,SMR,674,43.7667,12.4167
SAN MARTÍN,Saint Martin ,Saint-Martin ,MF,MAF,663,18.1,-63.05
SAN PEDRO Y MIQUELÓN,Saint Pierre and Miquelon,Saint-Pierre-et-Miquelon,PM,SPM,666,46.8333,-56.3333
SAN VICENTE Y LAS GRANADINAS,Saint Vincent and the Grenadines,Saint-Vincent-et-les Grenadines,VC,VCT,670,13.25,-61.2
"SANTA HELENA, A. Y T.","Saint Helena, Ascension and Tristan da Cunha","Sainte-Hélène, Ascension et Tristan da Cunha",SH,SHN,654,-15.9333,-5.7
SANTA LUCÍA,Saint Lucia,Sainte-Lucie,LC,LCA,662,13.8833,-61.1333
SANTO TOMÉ Y PRÍNCIPE,Sao Tome and Principe,Sao Tomé-et-Principe,ST,STP,678,1,7
SENEGAL,Senegal,Sénégal ,SN,SEN,686,14,-14
SERBIA,Serbia,Serbie ,RS,SRB,688,44,21
SEYCHELLES,Seychelles,Seychelles ,SC,SYC,690,-4.5833,55.6667
SIERRA LEONA,Sierra Leone,Sierra Leone ,SL,SLE,694,8.5,-11.5
SINGAPUR,Singapore,Singapour,SG,SGP,702,1.3667,103.8
SINT MAARTEN,Sint Maarten ,Saint-Martin ,SX,SXM,534,18.05,-63.05
SIRIA,Syrian Arab Republic ,République arabe syrienne ,SY,SYR,760,35,38
SOMALIA,Somalia,Somalie ,SO,SOM,706,10,49
SRI LANKA,Sri Lanka,Sri Lanka,LK,LKA,144,7,81
SUAZILANDIA,Eswatini,Eswatini ,SZ,SWZ,748,-26.5,31.5
SUDÁFRICA,South Africa,Afrique du Sud ,ZA,ZAF,710,-29,24
SUDÁN,Sudan,Soudan ,SD,SDN,729,15,30
SUDÁN DEL SUR,South Sudan,Soudan du Sud ,SS,SSD,728,8,30
SUECIA,Sweden,Suède ,SE,SWE,752,62,15
SUIZA,Switzerland,Suisse ,CH,CHE,756,47,8
SURINAM,Suriname,Suriname ,SR,SUR,740,4,-56
SVALBARD Y JAN MAYEN,Svalbard and Jan Mayen,Svalbard et l'Île Jan Mayen ,SJ,SJM,744,78,20
TAILANDIA,Thailand,Thaïlande ,TH,THA,764,15,100
TAIWÁN,Taiwan ,Taïwan ,TW,TWN,158,23.5,121
TANZANIA,"Tanzania, the United Republic of",Tanzanie ,TZ,TZA,834,-6,35
TAYIKISTÁN,Tajikistan,Tadjikistan ,TJ,TJK,762,39,71
TERRITORIO BRITÁNICO DEL OCÉANO ÍNDICO,British Indian Ocean Territory ,Indien ,IO,IOT,86,-6,71.5
TERRITORIOS AUSTRALES FRANCESES,French Southern Territories ,Terres australes françaises ,TF,ATF,260,-43,67
TIMOR ORIENTAL,Timor-Leste,Timor-Leste ,TL,TLS,626,-8.55,125.5167
TOGO,Togo,Togo ,TG,TGO,768,8,1.1667
TOKELAU,Tokelau,Tokelau ,TK,TKL,772,-9,-172
TONGA,Tonga,Tonga ,TO,TON,776,-20,-175
TRINIDAD Y TOBAGO,Trinidad and Tobago,Trinité-et-Tobago ,TT,TTO,780,11,-61
TÚNEZ,Tunisia,Tunisie ,TN,TUN,788,34,9
TURKMENISTÁN,Turkmenistan,Turkménistan ,TM,TKM,795,40,60
TURQUÍA,Turkey,Turquie ,TR,TUR,792,39,35
TUVALU,Tuvalu,Tuvalu ,TV,TUV,798,-8,178
UCRANIA,Ukraine,Ukraine ,UA,UKR,804,49,32
UGANDA,Uganda,Ouganda ,UG,UGA,800,1,32
URUGUAY,Uruguay,Uruguay ,UY,URY,858,-33,-56
UZBEKISTÁN,Uzbekistan,Ouzbékistan ,UZ,UZB,860,41,64
VANUATU,Vanuatu,Vanuatu ,VU,VUT,548,-16,167
VENEZUELA,Venezuela ,Venezuela ,VE,VEN,862,8,-66
VIETNAM,Viet Nam,Viet Nam ,VN,VNM,704,16,106
Wallis y Futuna,Wallis and Futuna,Wallis-et-Futuna,WF,WLF,876,-13.283333,-176.183333
YEMEN,Yemen,Yémen ,YE,YEM,887,15,48
YIBUTI,Djibouti,Djibouti,DJ,DJI,262,11.5,43
ZAMBIA,Zambia,Zambie ,ZM,ZMB,894,-15,30
ZIMBABUE,Zimbabwe,Zimbabwe ,ZW,ZWE,716,-20,30
